timestamp,threshold_b_a,threshold_pnn,beta_l_alpha_l,poorsignal,delta,theta,alpha_l,alpha_h,beta_l,beta_h,gamma_l,gamma_m,bpm,ibi,sdnn,cvnn,rmssd,pnn10,pnn20,pnn30,pnn40,pnn50
2024-07-14 22:19:03.116,-1.0,-1.0,21.35362865221489,200,444941,1125652,5305,234538,113281,90809,289675,435856,0,0,0,0,0.0,0.0,0.0,0.0,0.0,0.0
2024-07-14 22:19:03.932,-1.0,-1.0,2.4125240710363025,200,1267691,498785,42063,372684,101478,96679,39736,53613,0,0,0,0,0.0,0.0,0.0,0.0,0.0,0.0
2024-07-14 22:19:04.939,-1.0,-1.0,4.7770251110621,200,1163295,726749,31739,179069,151618,90678,90032,368873,0,0,0,0,0.0,0.0,0.0,0.0,0.0,0.0
2024-07-14 22:19:05.936,-1.0,-1.0,0.44137885646174435,200,1703889,189556,136751,83246,60359,79717,134078,180518,0,0,0,0,0.0,0.0,0.0,0.0,0.0,0.0
2024-07-14 22:19:06.939,-1.0,-1.0,0.24000705943044878,200,2221185,475743,220981,73360,53037,92632,107378,198324,0,0,0,0,0.0,0.0,0.0,0.0,0.0,0.0
2024-07-14 22:19:07.939,-1.0,-1.0,0.8124095983384638,200,1117132,215235,80889,259174,65715,174110,535662,574853,0,0,0,0,0.0,0.0,0.0,0.0,0.0,0.0
2024-07-14 22:19:08.939,-1.0,-1.0,1.228252025002774,200,1603946,558583,108148,127554,132833,68957,103197,294903,0,0,0,0,0.0,0.0,0.0,0.0,0.0,0.0
2024-07-14 22:19:09.937,-1.0,-1.0,0.5525310549950428,200,1169428,812316,137176,584729,75794,204660,64980,203968,0,0,0,0,0.0,0.0,0.0,0.0,0.0,0.0
2024-07-14 22:19:10.950,-1.0,-1.0,3.2806297769539956,200,598587,341578,48017,530769,157526,180873,212361,189085,0,0,0,0,0.0,0.0,0.0,0.0,0.0,0.0
2024-07-14 22:19:11.950,-1.0,-1.0,0.31527946901744214,200,689469,1612126,291535,269307,91915,115486,70661,619393,0,0,0,0,0.0,0.0,0.0,0.0,0.0,0.0
2024-07-14 22:19:12.949,3.5413665674513197,0.0,1.0289770814846546,200,474316,120023,65362,180878,67256,204103,82524,550615,0,0,0,0,0.0,0.0,0.0,0.0,0.0,0.0
2024-07-14 22:19:13.946,3.5413665674513197,0.0,1.638046564452016,200,42988,49177,17610,25654,28846,25948,44941,190893,0,0,0,0,0.0,0.0,0.0,0.0,0.0,0.0
2024-07-14 22:19:14.939,3.5413665674513197,0.0,1.2154498330697592,200,1638405,1159300,91056,201810,110674,274670,76133,736512,0,0,0,0,0.0,0.0,0.0,0.0,0.0,0.0
2024-07-14 22:19:15.938,3.5413665674513197,0.0,1.4882441548234986,200,238396,119536,15269,16419,22724,65271,34882,66328,0,0,0,0,0.0,0.0,0.0,0.0,0.0,0.0
2024-07-14 22:19:16.937,3.5413665674513197,0.0,1.6477074869413812,200,175442,138077,10338,30473,17034,20836,33589,175422,0,0,0,0,0.0,0.0,0.0,0.0,0.0,0.0
2024-07-14 22:19:17.941,3.5413665674513197,0.0,1.4406757815211033,200,703590,131093,100861,160469,145308,119485,453388,748109,0,0,0,0,0.0,0.0,0.0,0.0,0.0,0.0
2024-07-14 22:19:18.942,3.5413665674513197,0.0,0.34883824511914485,200,644319,1072393,134710,223458,46992,120055,156000,468817,0,0,0,0,0.0,0.0,0.0,0.0,0.0,0.0
2024-07-14 22:19:19.941,3.5413665674513197,0.0,1.4158598819749248,200,484624,499041,47617,154245,67419,223145,178769,615260,0,0,0,0,0.0,0.0,0.0,0.0,0.0,0.0
2024-07-14 22:19:20.941,3.5413665674513197,0.0,1.323533289386948,200,112272,133841,22755,12484,30117,26257,21565,122234,0,0,0,0,0.0,0.0,0.0,0.0,0.0,0.0
2024-07-14 22:19:21.937,3.5413665674513197,0.0,0.6690013439470691,200,72307,46515,38692,22368,25885,22976,32131,156507,0,0,0,0,0.0,0.0,0.0,0.0,0.0,0.0
2024-07-14 22:19:22.937,3.5413665674513197,0.0,1.6273527949428226,200,1091954,1191828,28158,177544,45823,198887,169648,447040,0,0,0,0,0.0,0.0,0.0,0.0,0.0,0.0
2024-07-14 22:19:23.938,3.5413665674513197,0.0,4.1625177204423025,200,1604443,516305,17635,66407,73406,135622,164406,728024,0,0,0,0,0.0,0.0,0.0,0.0,0.0,0.0
2024-07-14 22:19:24.938,3.5413665674513197,0.0,4.427536231884058,200,94625,218503,5658,93122,25051,35799,23839,126158,0,0,0,0,0.0,0.0,0.0,0.0,0.0,0.0
2024-07-14 22:19:25.940,3.5413665674513197,0.0,0.6055995866077001,200,1710073,1355258,149011,164647,90241,80072,128560,246112,0,0,0,0,0.0,0.0,0.0,0.0,0.0,0.0
2024-07-14 22:19:26.933,3.5413665674513197,0.0,0.47870001719553973,200,1541237,881230,378005,246209,180951,144236,78769,344833,0,0,0,0,0.0,0.0,0.0,0.0,0.0,0.0
2024-07-14 22:19:27.944,3.5413665674513197,0.0,0.9757021554539517,200,903274,348033,267925,290429,261415,290257,67629,403263,0,0,0,0,0.0,0.0,0.0,0.0,0.0,0.0
2024-07-14 22:19:28.944,3.5413665674513197,0.0,0.49584203460620524,200,419839,580116,107264,597985,53186,83685,66939,263161,0,0,0,0,0.0,0.0,0.0,0.0,0.0,0.0
2024-07-14 22:19:29.949,3.5413665674513197,0.0,4.281227345380859,200,440280,486309,114491,414773,490162,339431,76952,515537,0,0,0,0,0.0,0.0,0.0,0.0,0.0,0.0
2024-07-14 22:19:30.941,3.5413665674513197,0.0,0.5574524054889625,200,261589,596724,147496,541177,82222,159970,112374,236469,0,0,0,0,0.0,0.0,0.0,0.0,0.0,0.0
2024-07-14 22:19:31.940,3.5413665674513197,0.0,0.534745011341785,200,1617996,638992,86847,114882,46441,93783,64659,137898,0,0,0,0,0.0,0.0,0.0,0.0,0.0,0.0
2024-07-14 22:19:32.940,3.5413665674513197,0.0,0.6541342866024246,200,2333365,420309,64340,66175,42087,105875,49324,157532,0,0,0,0,0.0,0.0,0.0,0.0,0.0,0.0
2024-07-14 22:19:33.945,3.5413665674513197,0.0,0.6365225902398001,200,689979,706394,210467,212058,133967,123289,118283,196385,0,0,0,0,0.0,0.0,0.0,0.0,0.0,0.0
2024-07-14 22:19:34.938,3.5413665674513197,0.0,1.195369947962174,200,279304,676801,129329,125478,154596,216466,130772,341811,0,0,0,0,0.0,0.0,0.0,0.0,0.0,0.0
2024-07-14 22:19:35.944,3.5413665674513197,0.0,6.057545583861374,200,1016637,220556,23199,240161,140529,148831,90866,587803,0,0,0,0,0.0,0.0,0.0,0.0,0.0,0.0
2024-07-14 22:19:36.937,3.5413665674513197,0.0,2.956598627221773,200,264569,855180,33363,307004,98641,143042,154862,288312,0,0,0,0,0.0,0.0,0.0,0.0,0.0,0.0
2024-07-14 22:19:37.937,3.5413665674513197,0.0,1.8625885729661853,200,27989,99359,11149,86698,20766,28063,28014,79566,0,0,0,0,0.0,0.0,0.0,0.0,0.0,0.0
2024-07-14 22:19:38.943,3.5413665674513197,0.0,0.9047589881790898,200,47082,148987,32654,21305,29544,41467,27864,142981,0,0,0,0,0.0,0.0,0.0,0.0,0.0,0.0
2024-07-14 22:19:39.931,3.5413665674513197,0.0,1.6855394147192397,200,284321,1601078,66498,406228,112085,232251,111868,297161,0,0,0,0,0.0,0.0,0.0,0.0,0.0,0.0
2024-07-14 22:19:40.937,3.5413665674513197,0.0,1.5741908263516364,200,1737073,837373,82955,159425,130587,279575,113795,326171,0,0,0,0,0.0,0.0,0.0,0.0,0.0,0.0
2024-07-14 22:19:41.938,3.5413665674513197,0.0,0.4561819119448205,200,971265,1503693,124104,67058,56614,77818,138480,270551,0,0,0,0,0.0,0.0,0.0,0.0,0.0,0.0
2024-07-14 22:19:42.940,3.5413665674513197,0.0,8.09800111049417,200,426112,973453,14408,110779,116676,98818,145549,546168,0,0,0,0,0.0,0.0,0.0,0.0,0.0,0.0
2024-07-14 22:19:43.937,3.5413665674513197,0.0,0.3828326014199764,200,1899967,637295,51691,149710,19789,105515,82826,445931,0,0,0,0,0.0,0.0,0.0,0.0,0.0,0.0
2024-07-14 22:19:44.941,3.5413665674513197,0.0,0.5241447180247919,200,1313311,623569,206277,281654,108119,116300,87615,262744,0,0,0,0,0.0,0.0,0.0,0.0,0.0,0.0
2024-07-14 22:19:45.939,3.5413665674513197,0.0,0.29214173550897793,200,480925,960286,146470,206886,42790,45620,122028,453053,0,0,0,0,0.0,0.0,0.0,0.0,0.0,0.0
2024-07-14 22:19:46.940,3.5413665674513197,0.0,0.5794625803090815,200,639013,647955,138216,82440,80091,164365,159424,1030575,0,0,0,0,0.0,0.0,0.0,0.0,0.0,0.0
2024-07-14 22:19:47.935,3.5413665674513197,0.0,1.2839111089961692,200,601669,406289,84058,45865,107923,59823,88964,296719,0,0,0,0,0.0,0.0,0.0,0.0,0.0,0.0
2024-07-14 22:19:48.940,3.5413665674513197,0.0,1.8994952399207718,200,113341,121981,15651,16781,29729,37914,26753,128714,0,0,0,0,0.0,0.0,0.0,0.0,0.0,0.0
2024-07-14 22:19:49.940,3.5413665674513197,0.0,5.232565011820331,200,726907,144077,23688,112158,123949,255430,149141,238896,0,0,0,0,0.0,0.0,0.0,0.0,0.0,0.0
2024-07-14 22:19:50.938,3.5413665674513197,0.0,0.8508772992020149,200,328230,677552,247749,30552,210804,181137,126513,411387,0,0,0,0,0.0,0.0,0.0,0.0,0.0,0.0
2024-07-14 22:19:51.936,3.5413665674513197,0.0,0.23952839756592292,200,565715,1093067,197200,262563,47235,151425,184179,680673,0,0,0,0,0.0,0.0,0.0,0.0,0.0,0.0
2024-07-14 22:19:52.937,3.5413665674513197,0.0,0.7361442763097138,200,2414398,561599,75799,166710,55799,97541,153931,530129,0,0,0,0,0.0,0.0,0.0,0.0,0.0,0.0
2024-07-14 22:19:53.935,3.5413665674513197,0.0,2.0334980319906206,200,1389082,1820345,35823,88288,72846,189086,90492,666641,0,0,0,0,0.0,0.0,0.0,0.0,0.0,0.0
2024-07-14 22:19:54.936,3.5413665674513197,0.0,2.9234847033275853,200,1326326,509750,31314,193116,91546,82993,96782,216623,0,0,0,0,0.0,0.0,0.0,0.0,0.0,0.0
2024-07-14 22:19:55.943,3.5413665674513197,0.0,0.5898211558358378,200,1296529,1127534,101485,120709,59858,174220,109078,358467,0,0,0,0,0.0,0.0,0.0,0.0,0.0,0.0
2024-07-14 22:19:56.942,3.5413665674513197,0.0,0.8028350515463918,200,751513,495097,49664,123310,39872,96604,138550,384866,0,0,0,0,0.0,0.0,0.0,0.0,0.0,0.0
2024-07-14 22:19:57.930,3.5413665674513197,0.0,0.912746725696366,200,578378,178813,32526,36575,29688,16818,30988,93439,0,0,0,0,0.0,0.0,0.0,0.0,0.0,0.0
2024-07-14 22:19:58.933,3.5413665674513197,0.0,0.6457071332472105,200,1614762,559644,149399,208032,96468,164210,68625,296353,0,0,0,0,0.0,0.0,0.0,0.0,0.0,0.0
2024-07-14 22:19:59.945,3.5413665674513197,0.0,1.0948761478509144,200,178503,177020,25918,26447,28377,14667,28086,85541,0,0,0,0,0.0,0.0,0.0,0.0,0.0,0.0
2024-07-14 22:20:00.934,3.5413665674513197,0.0,1.7213406610418762,200,67303,53745,12919,24666,22238,27311,28304,145646,0,0,0,0,0.0,0.0,0.0,0.0,0.0,0.0
2024-07-14 22:20:01.938,3.5413665674513197,0.0,0.2244866733988188,200,113149,1347583,196074,128522,44016,295844,121299,558966,0,0,0,0,0.0,0.0,0.0,0.0,0.0,0.0
2024-07-14 22:20:02.938,3.5413665674513197,0.0,0.6245429955711441,200,928102,152608,134572,196358,84046,286084,148711,253200,0,0,0,0,0.0,0.0,0.0,0.0,0.0,0.0
2024-07-14 22:20:03.937,3.5413665674513197,0.0,4.46600020826825,200,1395107,860637,38412,78402,171548,186040,244011,653178,0,0,0,0,0.0,0.0,0.0,0.0,0.0,0.0
2024-07-14 22:20:04.939,3.5413665674513197,0.0,0.5796447478491308,200,2265028,1276216,163771,46070,94929,102957,120664,191447,0,0,0,0,0.0,0.0,0.0,0.0,0.0,0.0
2024-07-14 22:20:05.949,3.5413665674513197,0.0,1.326110183293051,200,329298,1191327,96403,147604,127841,178106,166076,659073,0,0,0,0,0.0,0.0,0.0,0.0,0.0,0.0
2024-07-14 22:20:06.941,3.5413665674513197,0.0,0.37203830647725394,200,1597574,1025277,78629,122208,29253,82521,74107,628362,0,0,0,0,0.0,0.0,0.0,0.0,0.0,0.0
2024-07-14 22:20:07.941,3.5413665674513197,0.0,0.576839743874245,200,970702,943556,247847,41668,142968,155186,110688,365186,0,0,0,0,0.0,0.0,0.0,0.0,0.0,0.0
2024-07-14 22:20:08.944,3.5413665674513197,0.0,0.24739760216089848,200,240216,80545,63307,33149,15662,66997,20345,96839,0,0,0,0,0.0,0.0,0.0,0.0,0.0,0.0
2024-07-14 22:20:09.934,3.5413665674513197,0.0,0.5155643196565116,200,267585,979490,165828,202106,85495,172816,102863,490722,0,0,0,0,0.0,0.0,0.0,0.0,0.0,0.0
2024-07-14 22:20:10.938,3.5413665674513197,0.0,1.6889676055533338,200,68130,143513,35006,44944,59124,60495,18076,127835,0,0,0,0,0.0,0.0,0.0,0.0,0.0,0.0
2024-07-14 22:20:11.940,3.5413665674513197,0.0,0.8721119103656313,200,233063,226058,30167,53308,26309,17936,14524,67121,0,0,0,0,0.0,0.0,0.0,0.0,0.0,0.0
2024-07-14 22:20:12.948,3.5413665674513197,0.0,0.36973431950803015,200,1706435,605535,381812,84668,141169,90068,46917,281815,0,0,0,0,0.0,0.0,0.0,0.0,0.0,0.0
2024-07-14 22:20:13.943,3.5413665674513197,0.0,0.2385055310473899,200,1707909,664806,478752,166873,114185,134530,55934,214959,0,0,0,0,0.0,0.0,0.0,0.0,0.0,0.0
2024-07-14 22:20:14.940,3.5413665674513197,0.0,0.43675650489960544,200,568551,114823,68679,64398,29996,38549,27451,82114,0,0,0,0,0.0,0.0,0.0,0.0,0.0,0.0
2024-07-14 22:20:15.939,3.5413665674513197,0.0,0.7048251793929101,200,2133065,497059,214334,165192,151068,178520,81280,329999,0,0,0,0,0.0,0.0,0.0,0.0,0.0,0.0
2024-07-14 22:20:16.940,3.5413665674513197,0.0,0.23370185470230537,200,1316804,846550,341726,138367,79862,115710,78493,325103,0,0,0,0,0.0,0.0,0.0,0.0,0.0,0.0
2024-07-14 22:20:17.949,3.5413665674513197,0.0,0.5157972044762277,200,1640707,708230,212411,107943,109561,108251,52985,302579,0,0,0,0,0.0,0.0,0.0,0.0,0.0,0.0
2024-07-14 22:20:18.948,3.5413665674513197,0.0,0.30717053228160685,200,944331,954419,467929,227316,143734,180554,124125,229543,0,0,0,0,0.0,0.0,0.0,0.0,0.0,0.0
2024-07-14 22:20:19.939,3.5413665674513197,0.0,0.146823730454511,200,1074580,1586666,685836,208703,100697,100465,147165,360043,0,0,0,0,0.0,0.0,0.0,0.0,0.0,0.0
2024-07-14 22:20:20.936,3.5413665674513197,0.0,0.24493111604942353,200,1728588,628989,363147,40637,88946,78197,86704,254565,0,0,0,0,0.0,0.0,0.0,0.0,0.0,0.0
2024-07-14 22:20:21.937,3.5413665674513197,0.0,1.1177946395789988,200,757987,965793,114394,72510,127869,54577,90163,339935,0,0,0,0,0.0,0.0,0.0,0.0,0.0,0.0
2024-07-14 22:20:22.937,3.5413665674513197,0.0,0.8327415304638971,200,719829,1105761,113495,108318,94512,64558,111183,365214,0,0,0,0,0.0,0.0,0.0,0.0,0.0,0.0
2024-07-14 22:20:23.937,3.5413665674513197,0.0,0.693787905815198,200,668864,1153482,134544,107830,93345,40109,119105,340834,0,0,0,0,0.0,0.0,0.0,0.0,0.0,0.0
2024-07-14 22:20:24.937,3.5413665674513197,0.0,0.6707658874989553,200,1041900,1111867,179465,56609,120379,88945,67862,328765,0,0,0,0,0.0,0.0,0.0,0.0,0.0,0.0
2024-07-14 22:20:25.947,3.5413665674513197,0.0,0.27844524425835593,200,645209,1444634,290901,176787,81000,101846,84371,451019,0,0,0,0,0.0,0.0,0.0,0.0,0.0,0.0
2024-07-14 22:20:26.937,3.5413665674513197,0.0,0.2749639190697928,200,1230635,922296,440676,199000,121170,130663,58874,194512,0,0,0,0,0.0,0.0,0.0,0.0,0.0,0.0
2024-07-14 22:20:27.940,3.5413665674513197,0.0,0.4157968101078945,200,1725467,534374,279069,71195,116036,110747,47992,243663,0,0,0,0,0.0,0.0,0.0,0.0,0.0,0.0
2024-07-14 22:20:28.937,3.5413665674513197,0.0,0.5116249376558604,200,1732683,637968,250625,96078,128226,128085,55141,291627,0,0,0,0,0.0,0.0,0.0,0.0,0.0,0.0
2024-07-14 22:20:29.943,3.5413665674513197,0.0,0.4831718253695983,200,2131844,537975,247769,126471,119715,99776,66614,255668,0,0,0,0,0.0,0.0,0.0,0.0,0.0,0.0
2024-07-14 22:20:30.938,3.5413665674513197,0.0,0.3557379473528542,200,1448233,294539,446292,106834,158763,110070,131839,436413,0,0,0,0,0.0,0.0,0.0,0.0,0.0,0.0
2024-07-14 22:20:31.939,3.5413665674513197,0.0,0.5789917699330721,200,413005,145857,53341,23547,30884,31264,25237,54865,0,0,0,0,0.0,0.0,0.0,0.0,0.0,0.0
2024-07-14 22:20:32.938,3.5413665674513197,0.0,0.5334476843910806,200,353738,124088,32065,21591,17105,36201,31647,72141,0,0,0,0,0.0,0.0,0.0,0.0,0.0,0.0
2024-07-14 22:20:33.938,3.5413665674513197,0.0,0.5071138211382114,200,365766,151229,42312,32648,21457,21820,29607,63718,0,0,0,0,0.0,0.0,0.0,0.0,0.0,0.0
2024-07-14 22:20:34.936,3.5413665674513197,0.0,0.23043830597775247,200,1416090,340773,383773,44021,88436,84788,128079,180559,0,0,0,0,0.0,0.0,0.0,0.0,0.0,0.0
2024-07-14 22:20:35.938,3.5413665674513197,0.0,0.3784230373355119,200,1534276,754896,216657,121773,81988,133560,51939,131574,0,0,0,0,0.0,0.0,0.0,0.0,0.0,0.0
2024-07-14 22:20:36.940,3.5413665674513197,0.0,0.40938488531434497,200,1712227,827584,312332,91685,127864,106029,122320,465194,0,0,0,0,0.0,0.0,0.0,0.0,0.0,0.0
2024-07-14 22:20:37.944,3.5413665674513197,0.0,0.7474949002095049,200,1062788,546446,290208,282812,216929,73178,108662,252166,0,0,0,0,0.0,0.0,0.0,0.0,0.0,0.0
2024-07-14 22:20:38.942,3.5413665674513197,0.0,1.0725799529637958,200,1022922,409203,58253,75553,62481,266177,47053,424699,0,0,0,0,0.0,0.0,0.0,0.0,0.0,0.0
2024-07-14 22:20:39.946,3.5413665674513197,0.0,0.31739767622295234,200,894784,916982,104399,205839,33136,166482,129286,942161,0,0,0,0,0.0,0.0,0.0,0.0,0.0,0.0
2024-07-14 22:20:40.941,3.5413665674513197,0.0,1.6556670947675587,200,329301,1234920,114459,507910,189506,115904,85230,904029,0,0,0,0,0.0,0.0,0.0,0.0,0.0,0.0
2024-07-14 22:20:41.945,3.5413665674513197,0.0,0.48073247979041245,200,1140666,1786977,111457,261809,53581,191482,85597,220622,0,0,0,0,0.0,0.0,0.0,0.0,0.0,0.0
2024-07-14 22:20:42.941,3.5413665674513197,0.0,1.308325266214908,200,1044344,780814,95036,273187,124338,178404,158807,392252,0,0,0,0,0.0,0.0,0.0,0.0,0.0,0.0
2024-07-14 22:20:43.940,3.5413665674513197,0.0,1.560393198269585,200,1167031,551903,46694,51362,72861,249919,148867,383564,0,0,0,0,0.0,0.0,0.0,0.0,0.0,0.0
2024-07-14 22:20:44.941,3.5413665674513197,0.0,7.014865637507147,200,787088,1125243,8745,471625,61345,407680,81285,901563,0,0,0,0,0.0,0.0,0.0,0.0,0.0,0.0
2024-07-14 22:20:45.932,3.5413665674513197,0.0,1.5826124029630682,200,1179685,610856,56293,559457,89090,251595,108779,259661,0,0,0,0,0.0,0.0,0.0,0.0,0.0,0.0
2024-07-14 22:20:46.942,3.5413665674513197,0.0,3.3859826043111054,200,490736,206916,7933,62821,26861,25600,34070,100980,0,0,0,0,0.0,0.0,0.0,0.0,0.0,0.0
2024-07-14 22:20:47.945,3.5413665674513197,0.0,11.128688010043943,200,1531008,1075540,7965,152746,88640,39834,51917,483266,0,0,0,0,0.0,0.0,0.0,0.0,0.0,0.0
2024-07-14 22:20:48.936,3.5413665674513197,0.0,0.5736186428257365,200,163944,257730,34115,55108,19569,23549,35287,73789,0,0,0,0,0.0,0.0,0.0,0.0,0.0,0.0
2024-07-14 22:20:49.957,3.5413665674513197,0.0,1.0209503423846642,200,1397763,513855,105583,121468,107795,179690,85087,360316,0,0,0,0,0.0,0.0,0.0,0.0,0.0,0.0
2024-07-14 22:20:50.946,3.5413665674513197,0.0,0.38798362115805807,200,501454,451143,178523,363749,69264,181835,218083,307218,0,0,0,0,0.0,0.0,0.0,0.0,0.0,0.0
2024-07-14 22:20:51.940,3.5413665674513197,0.0,1.091704564511833,200,615841,648295,101369,95415,110665,135392,161155,350234,0,0,0,0,0.0,0.0,0.0,0.0,0.0,0.0
2024-07-14 22:20:52.940,3.5413665674513197,0.0,0.717743815136683,200,15480,109707,30033,30965,21556,26876,49890,150659,0,0,0,0,0.0,0.0,0.0,0.0,0.0,0.0
2024-07-14 22:20:53.937,3.5413665674513197,0.0,2.5859929078014185,200,80912,61106,9024,18882,23336,26278,22472,130002,0,0,0,0,0.0,0.0,0.0,0.0,0.0,0.0
2024-07-14 22:20:54.935,3.5413665674513197,0.0,1.8262071318887563,200,687389,324851,58610,241493,107034,342330,193195,431136,0,0,0,0,0.0,0.0,0.0,0.0,0.0,0.0
2024-07-14 22:20:55.935,3.5413665674513197,0.0,4.715436408977556,200,543489,1351972,40100,178365,189089,85409,171084,678493,0,0,0,0,0.0,0.0,0.0,0.0,0.0,0.0
2024-07-14 22:20:56.941,3.5413665674513197,0.0,7.175083724045546,200,18236,133596,7465,70266,53562,40593,13919,175956,0,0,0,0,0.0,0.0,0.0,0.0,0.0,0.0
2024-07-14 22:20:57.937,3.5413665674513197,0.0,1.7796302556894006,200,222155,1454637,56201,466033,100017,237901,127256,408906,0,0,0,0,0.0,0.0,0.0,0.0,0.0,0.0
2024-07-14 22:20:58.937,3.5413665674513197,0.0,0.5171070175282998,200,1109741,1267451,338253,134649,174913,331871,106779,581958,0,0,0,0,0.0,0.0,0.0,0.0,0.0,0.0
2024-07-14 22:20:59.937,3.5413665674513197,0.0,1.2786540266760194,200,1818769,539025,96941,126685,123954,96033,84916,391599,0,0,0,0,0.0,0.0,0.0,0.0,0.0,0.0
2024-07-14 22:21:00.935,3.5413665674513197,0.0,1.41720207253886,200,134654,209848,19300,52876,27352,27059,26813,77440,0,0,0,0,0.0,0.0,0.0,0.0,0.0,0.0
2024-07-14 22:21:01.937,3.5413665674513197,0.0,8.642663248378827,200,955697,280375,26524,90677,229238,172909,188033,262562,0,0,0,0,0.0,0.0,0.0,0.0,0.0,0.0
2024-07-14 22:21:02.935,3.5413665674513197,0.0,1.128501905599531,200,868985,436370,85275,93777,96233,144044,95879,298789,0,0,0,0,0.0,0.0,0.0,0.0,0.0,0.0
2024-07-14 22:21:03.941,3.5413665674513197,0.0,0.43922015784649093,200,718604,1043211,223635,763265,98225,188630,86373,378426,0,0,0,0,0.0,0.0,0.0,0.0,0.0,0.0
2024-07-14 22:21:04.934,3.5413665674513197,0.0,0.14703992059811746,200,297476,686889,245838,158123,36148,203712,88675,181238,0,0,0,0,0.0,0.0,0.0,0.0,0.0,0.0
2024-07-14 22:21:05.932,3.5413665674513197,0.0,0.3720618249363634,200,1058998,530874,87214,204088,32449,126647,195222,474210,0,0,0,0,0.0,0.0,0.0,0.0,0.0,0.0
2024-07-14 22:21:06.935,3.5413665674513197,0.0,4.483608002115097,200,618481,498441,45388,489992,203502,215216,196732,384292,0,0,0,0,0.0,0.0,0.0,0.0,0.0,0.0
2024-07-14 22:21:07.937,3.5413665674513197,0.0,0.35168400453187765,200,1384169,353963,330106,264750,116093,155964,131929,97628,0,0,0,0,0.0,0.0,0.0,0.0,0.0,0.0
2024-07-14 22:21:08.938,3.5413665674513197,0.0,0.24566578594954577,200,125834,75559,55258,11653,13575,28981,25992,110477,0,0,0,0,0.0,0.0,0.0,0.0,0.0,0.0
2024-07-14 22:21:09.939,3.5413665674513197,0.0,0.32986820776657977,200,64476,119797,28378,75469,9361,31941,84152,333736,0,0,0,0,0.0,0.0,0.0,0.0,0.0,0.0
2024-07-14 22:21:10.944,3.5413665674513197,0.0,0.5574148580495268,200,455872,737916,176470,109693,98367,131534,172883,358138,0,0,0,0,0.0,0.0,0.0,0.0,0.0,0.0
2024-07-14 22:21:11.940,3.5413665674513197,0.0,0.3209436273445169,200,1000073,668111,230218,139720,73887,129217,186550,561669,0,0,0,0,0.0,0.0,0.0,0.0,0.0,0.0
2024-07-14 22:21:12.949,3.5413665674513197,0.0,0.522351391110957,200,512539,747539,201889,108785,105457,134527,133654,360235,0,0,0,0,0.0,0.0,0.0,0.0,0.0,0.0
2024-07-14 22:21:13.980,3.5413665674513197,0.0,0.44013914905004015,200,70444,229194,37370,90824,16448,19866,26400,172157,0,0,0,0,0.0,0.0,0.0,0.0,0.0,0.0
2024-07-14 22:21:14.937,3.5413665674513197,0.0,0.24522430428258657,200,470126,779044,252581,88631,61939,76655,93762,553107,0,0,0,0,0.0,0.0,0.0,0.0,0.0,0.0
2024-07-14 22:21:15.935,3.5413665674513197,0.0,1.4189031965451282,200,384294,486225,50711,47047,71954,42004,113622,271705,0,0,0,0,0.0,0.0,0.0,0.0,0.0,0.0
2024-07-14 22:21:16.936,3.5413665674513197,0.0,0.781027680263444,200,873341,393506,257512,67887,201124,116926,87652,249183,0,0,0,0,0.0,0.0,0.0,0.0,0.0,0.0
2024-07-14 22:21:17.938,3.5413665674513197,0.0,4.084480250643392,200,589356,573394,26811,111651,109509,101394,86629,600922,0,0,0,0,0.0,0.0,0.0,0.0,0.0,0.0
2024-07-14 22:21:18.941,3.5413665674513197,0.0,0.870855208621166,200,1137350,1626152,318472,676807,277343,493730,821349,1890992,0,0,0,0,0.0,0.0,0.0,0.0,0.0,0.0
2024-07-14 22:21:19.939,3.5413665674513197,0.0,12.995695705062225,200,616138,371482,10687,122767,138885,327271,128351,479999,0,0,0,0,0.0,0.0,0.0,0.0,0.0,0.0
2024-07-14 22:21:20.943,3.5413665674513197,0.0,0.646672060763775,200,113407,1203606,137187,93625,88715,188480,63411,311377,0,0,0,0,0.0,0.0,0.0,0.0,0.0,0.0
2024-07-14 22:21:21.949,3.5413665674513197,0.0,2.6291895306146618,200,1410976,325326,25331,170171,66600,187375,43018,302845,0,0,0,0,0.0,0.0,0.0,0.0,0.0,0.0
2024-07-14 22:21:22.936,3.5413665674513197,0.0,0.2751656658459443,200,270613,164467,202667,155976,55767,181331,96912,209411,0,0,0,0,0.0,0.0,0.0,0.0,0.0,0.0
2024-07-14 22:21:23.937,3.5413665674513197,0.0,0.38793435115936453,200,456256,550794,106567,434666,41341,200982,135615,497197,0,0,0,0,0.0,0.0,0.0,0.0,0.0,0.0
2024-07-14 22:21:24.938,3.5413665674513197,0.0,1.1517441766874326,200,201202,753337,124242,71955,143095,179768,153100,605017,0,0,0,0,0.0,0.0,0.0,0.0,0.0,0.0
2024-07-14 22:21:25.938,3.5413665674513197,0.0,0.37898633885811395,200,185626,1012384,181244,116430,68689,186356,195360,376331,0,0,0,0,0.0,0.0,0.0,0.0,0.0,0.0
2024-07-14 22:21:26.942,3.5413665674513197,0.0,1.5790531421028433,200,2138326,628744,269692,1931060,425858,778367,479223,902651,0,0,0,0,0.0,0.0,0.0,0.0,0.0,0.0
2024-07-14 22:21:27.945,3.5413665674513197,0.0,0.5952797881134335,200,372998,69560,296385,484776,176432,88010,224485,324657,0,0,0,0,0.0,0.0,0.0,0.0,0.0,0.0
2024-07-14 22:21:28.941,3.5413665674513197,0.0,0.5525045284298797,200,929171,284132,277138,164219,153120,248271,97830,201213,0,0,0,0,0.0,0.0,0.0,0.0,0.0,0.0
2024-07-14 22:21:29.936,3.5413665674513197,0.0,1.2782339626276247,200,1774539,372820,83056,224302,106165,116470,79910,363521,0,0,0,0,0.0,0.0,0.0,0.0,0.0,0.0
2024-07-14 22:21:30.938,3.5413665674513197,0.0,0.1498299185191045,200,565070,832318,151692,212410,22728,275166,50877,596456,0,0,0,0,0.0,0.0,0.0,0.0,0.0,0.0
2024-07-14 22:21:31.938,3.5413665674513197,0.0,0.8826968456537443,200,1639481,789053,103825,121860,91646,130342,102165,309303,0,0,0,0,0.0,0.0,0.0,0.0,0.0,0.0
2024-07-14 22:21:32.937,3.5413665674513197,0.0,0.658751214137636,200,76168,172394,68979,18778,45440,43671,64048,123331,0,0,0,0,0.0,0.0,0.0,0.0,0.0,0.0
2024-07-14 22:21:33.936,3.5413665674513197,0.0,0.7367179156007054,200,662727,509760,40261,137658,29661,290892,136345,456271,0,0,0,0,0.0,0.0,0.0,0.0,0.0,0.0
2024-07-14 22:21:34.945,3.5413665674513197,0.0,1.5006945780171401,200,1743657,1022085,46791,136367,70219,126767,107492,234724,0,0,0,0,0.0,0.0,0.0,0.0,0.0,0.0
2024-07-14 22:21:35.946,3.5413665674513197,0.0,2.7655056523067523,200,72271,232038,6546,32588,18103,11682,35217,29089,0,0,0,0,0.0,0.0,0.0,0.0,0.0,0.0
2024-07-14 22:21:36.945,3.5413665674513197,0.0,2.574991557721067,200,1265363,179687,82916,104528,213508,118591,178671,293049,0,0,0,0,0.0,0.0,0.0,0.0,0.0,0.0
2024-07-14 22:21:37.936,3.5413665674513197,0.0,1.8733423336005288,200,569599,291531,142218,209925,266423,178296,88379,195213,0,0,0,0,0.0,0.0,0.0,0.0,0.0,0.0
2024-07-14 22:21:38.937,3.5413665674513197,0.0,0.6166926375413733,200,971056,549321,87919,432611,54219,491968,150312,264033,0,0,0,0,0.0,0.0,0.0,0.0,0.0,0.0
2024-07-14 22:21:39.941,3.5413665674513197,0.0,1.8468350513009737,200,224390,643821,126021,314601,232740,227544,134127,238203,0,0,0,0,0.0,0.0,0.0,0.0,0.0,0.0
2024-07-14 22:21:40.943,3.5413665674513197,0.0,1.8319085330676037,200,1182526,416146,38134,42355,69858,75403,126740,550042,0,0,0,0,0.0,0.0,0.0,0.0,0.0,0.0
2024-07-14 22:21:41.941,3.5413665674513197,0.0,0.4610729145806911,200,1054906,462676,89886,60918,41444,129856,102855,587987,0,0,0,0,0.0,0.0,0.0,0.0,0.0,0.0
2024-07-14 22:21:42.934,3.5413665674513197,0.0,1.3424749613497344,200,811218,493881,44631,88136,59916,117402,90163,622342,0,0,0,0,0.0,0.0,0.0,0.0,0.0,0.0
2024-07-14 22:21:43.933,3.5413665674513197,0.0,0.3577820871938519,200,897137,696379,139230,161834,49814,195422,152075,357459,0,0,0,0,0.0,0.0,0.0,0.0,0.0,0.0
2024-07-14 22:21:44.935,3.5413665674513197,0.0,0.6234350064060779,200,1554156,584727,88978,259063,55472,190562,111843,282590,0,0,0,0,0.0,0.0,0.0,0.0,0.0,0.0
2024-07-14 22:21:45.930,3.5413665674513197,0.0,0.9807826257791431,200,1771879,485901,55991,340719,54915,86566,101193,400745,0,0,0,0,0.0,0.0,0.0,0.0,0.0,0.0
2024-07-14 22:21:46.942,3.5413665674513197,0.0,0.7077235936750764,200,1214260,234521,173093,286200,122502,111208,67978,864142,0,0,0,0,0.0,0.0,0.0,0.0,0.0,0.0
2024-07-14 22:21:47.937,3.5413665674513197,0.0,0.7174053031382315,200,448274,763372,175481,159824,125891,472529,110595,218611,0,0,0,0,0.0,0.0,0.0,0.0,0.0,0.0
2024-07-14 22:21:48.934,3.5413665674513197,0.0,0.8806241623587976,200,1932882,437454,62676,157092,55194,105332,113093,561228,0,0,0,0,0.0,0.0,0.0,0.0,0.0,0.0
2024-07-14 22:21:49.945,3.5413665674513197,0.0,0.5555490360435876,200,1178060,274389,119300,110025,66277,257408,85886,355914,0,0,0,0,0.0,0.0,0.0,0.0,0.0,0.0
2024-07-14 22:21:50.936,3.5413665674513197,0.0,0.30218444361008695,200,1042677,914487,162467,171182,49095,130870,62703,234410,0,0,0,0,0.0,0.0,0.0,0.0,0.0,0.0
2024-07-14 22:21:51.942,3.5413665674513197,0.0,0.11571925580392697,200,1426786,1017255,333998,148041,38650,78948,194468,287074,0,0,0,0,0.0,0.0,0.0,0.0,0.0,0.0
